25	Nebius Birmingham BHM01 AI factory	US		AL	Birmingham	Jefferson	Nebius	300.0
55	ForgeLight Ventures Conway data center	US		AR	Conway	Faulkner	ForgeLight Ventures, LLC / undisclosed Fortune 100 company	
85	Iron Mountain Phoenix Data Center Campus	US		AZ	Phoenix	Maricopa	Iron Mountain Data Centers	89.0
115	DataBank / Goodman LAX2 Vernon Data Center	US		CA	Vernon	Los Angeles	DataBank; Goodman Group	32.0
145	Lumen Technologies San Luis Obispo	US		CA	San Luis Obispo	San Luis Obispo	Lumen Technologies / Level 3 Communications	0.625
175	Lumen Technologies Modesto data center	US		CA	Modesto	Stanislaus	Lumen Technologies	
205	Raeden Project Taurus	US		CO	Colorado Springs	El Paso	Raeden	50.0
235	NE Edge / Groton Data Center Proposal	US		CT	Groton	Southeastern Connecticut Planning Region	NE Edge LLC / Gotspace Data Partners	80.0
265	DCIP & 3-F Ranch Hyperscale Data Center	US		FL	Arcadia	DeSoto	DCIP & 3-F Ranch	
295	Okee-One Data Center	US		FL	Okeechobee	Okeechobee	Indian River State College	10.0
325	Kingsland industrial park / data center rezoning	US		GA	Kingsland	Camden	Kirk Tovey-linked entities (V V Farm Inc. and Sapling Farms LLC)	
355	CleanSpark Swainsboro Data Center	US		GA	Swainsboro	Emanuel	CleanSpark Inc.	
385	Crooked Creek Technology Park	US		GA	Gray area / unincorporated Jones County	Jones	Eagle Rock Partners LLC; Thomas & Hutton Engineering	
415	Soperton	US		GA	Soperton	Treutlen	ISS Mining	780.0
445	Apple Waukee data center campus	US		IA	Waukee	Dallas	Apple Inc.	
475	InfoBunker Des Moines Data Center	US		IA	Des Moines	Polk	InfoBunker	10.0
505	ColocationPLUS Rantoul 1	US		IL	Rantoul	Champaign	Prominic.NET / ColocationPLUS	
535	Project Star Data Center Campus	US		IL	Coal City	Grundy	Aligned Data Centers	864.0
565	Meta Lebanon Data Center	US		IN	Lebanon	Boone	Meta	1000.0
595	Netrality Indy Telcom Center / 733 West Henry	US		IN	Indianapolis	Marion	Netrality Data Centers	
625	Potential Cloud County data center development	US		KS	Concordia	Cloud		
655	Ramiform AI Hutchinson data center interest	US		KS	Hutchinson	Reno	Ramiform AI	
685	Kayjay / Barbourville area AI data center rumor	US		KY	Barbourville	Knox		
715	Cogent New Orleans Data Center	US		LA	New Orleans	Orleans Parish	Cogent Communications	0.7
745	Equinix BO1 Waltham Data Center	US		MA	Waltham	Middlesex	Equinix	
775	Quantum Frederick	US		MD	Adamstown	Frederick	Catellus Development Corporation	2400.0
805	Hyperscale Data Dowagiac Data Center	US		MI	Dowagiac	Cass	Hyperscale Data, Inc.	30.0
835	Project Flex	US		MI	Lyon Township	Oakland	Verrus	
865	Swervo Eagan Data Center	US		MN	Eagan	Dakota	Swervo Development Corporation	10.0
895	Google Becker data center	US		MN	Becker	Sherburne	Google	
925	Jasper County Powered Data Park	US		MO		Jasper	Geronimo Power	400.0
955	xAI MACROHARDRR Southaven Data Center	US		MS	Southaven	DeSoto	xAI	
985	Rowin 17-5 CTB Site	US		MT	Sidney area	Richland	NYDIG DFM, LLC	9.7
1015	Project Iron Spur	US		NC	Rural Hall	Forsyth	Drox Group LLC / Montrose LLC	
1045	Meta Forest City Data Center	US		NC	Forest City	Rutherford	Meta / Facebook	
1075	Atlas Power Williston Data Center	US		ND	Williston	Williams	Atlas Power; FX Solutions Inc.	700.0
1105	Yahoo / H5 Data Centers Omaha	US		NE	La Vista	Sarpy	Yahoo; later H5 Data Centers	
1135	365 Data Centers Carlstadt	US		NJ	Carlstadt	Bergen	365 Data Centers	18.0
1165	Lumen Weehawken 1	US		NJ	Weehawken	Hudson	Lumen	
1195	Centersquare New York EWR3-A	US		NJ	Piscataway	Middlesex	Centersquare	18.0
1225	Project Jupiter	US		NM	Santa Teresa	Doña Ana	STACK Infrastructure; BorderPlex Digital Assets; Oracle	
1255	Tract Peru Shelf Technology Park	US		NV	Sparks / McCarran	Storey	Tract	810.0
1285	Remington Factory Data Center	US		NY	Ilion	Herkimer	Turin Hoefler Avenue LLC	200.0
1315	Shelby Route 63 data center alternative site	US		NY	Shelby	Orleans		
1345	EnergiAcres Ohio Appalachian energy corridor campus	US		OH		Belmont	EnergiAcres	
1375	Guernsey County proposed data center	US		OH		Guernsey	Smart Energy Partners / Jason Miller	
1405	Bitdeer Clarington / Hannibal Industrial Park data center	US		OH	Clarington	Monroe	Bitdeer Technologies Group / Erie Creek LLC	570.0
1435	AWS US 33 Innovation Park Data Center	US		OH	Marysville	Union	Amazon Web Services	
1465	TierPoint Oklahoma City OKC	US		OK	Oklahoma City	Oklahoma	TierPoint	2.6
1495	Former Hyundai/Hynix campus data center zone verification	US		OR	Eugene	Lane		
1525	Google The Dalles SIP Expansion	US		OR	The Dalles	Wasco	Google / Design LLC	
1555	CloudHQ Berks 61 Campus	US		PA	Tilden Township / Hamburg	Berks	CloudHQ	
1585	QTS Salem	US		PA	Salem Township	Luzerne	QTS Data Centers	
1615	Arecibo Observatory data center	US		PR	Arecibo	Arecibo Municipio	Arecibo Observatory / University of Central Florida consortium	
1645	Google Berkeley County data center campus	US		SC	Moncks Corner	Berkeley	Google	
1675	Leola Data Center	US		SD	Leola	McPherson	Leola Data Center LLC	50.0
1705	Infinity Data Center	US		TN	Knoxville	Knox	Infinity Hosting Solutions / Webservio	
1735	TierPoint Nashville	US		TN	Franklin	Williamson	TierPoint	
1765	Black Mountain Power Bowie County land acquisition	US		TX	Red Lick	Bowie	Black Mountain Power LLC	
1795	Stream DFWB Wilmer hyperscale campus	US		TX	Wilmer	Dallas	Stream Data Centers	90.0
1825	Dataprana / DC Futureminds Galveston County AI proof-of-concept data center	US		TX		Galveston	Dataprana / DC Futureminds Ltd.	1.5
1855	Diode Ventures Cedar Creek Lake data center site	US		TX	Trinidad / Cedar Creek Lake area	Henderson	Diode Ventures	
1885	Liberty American Multi-Sourced Power and Innovation Hub	US		TX	Raywood	Liberty	BaRupOn LLC	3000.0
1915	Lead Capital / Maachi Presidio Data Center Complex	US		TX	Presidio	Presidio	Lead Capital; Maachi	100.0
1945	Skybox Austin II	US		TX	Pflugerville	Travis	Skybox Datacenters	30.0
1975	Ogden Data Center	US		UT	Hill Air Force Base	Davis	Defense Information Systems Agency	
2005	B+F Timpanogos Tech Center Provo Data Center	US		UT	Provo	Utah	B+F Timpanogos Tech Center LLC	30.0
2035	Upper Magnolia Green data center site	US		VA	Moseley	Chesterfield	Google / Chesterfield Economic Development Authority	
2065	Warrenton Amazon Data Center	US		VA	Warrenton	Fauquier	Amazon AWS	
2095	PowerHouse ABX-1	US		VA	Ashburn	Loudoun	PowerHouse Data Centers	60.0
2125	Microsoft Highway 58 / Hayes Mill Road data center	US		VA	Boydton	Mecklenburg	Microsoft	
2155	Amazon Wellington South	US		VA	Manassas	Prince William	Amazon	
2185	Gainesville Tech Park Piney Branch	US		VA	Manassas	Prince William		
2215	Digital Gateway North	US		VA	Manassas	Prince William		
2245	Surry Green Energy Center	US		VA	Surry	Surry	Green Energy Partners	1000.0
2275	H5 Quincy II & III Data Center Campus	US		WA	Quincy	Grant	H5 Data Centers	
2305	Ark Green Bay, Wisconsin Data Center	US		WI	Harrison	Calumet	Ark Data Centers	20.0
2335	Penzance Bedington Campus	US		WV	Falling Waters	Berkeley	Penzance Management	600.0
2365	Microsoft Cheyenne Datacenter Expansion	US		WY	Cheyenne	Laramie	Microsoft	
2395	Stream PHXA Goodyear Campus	US		AZ	Goodyear	Maricopa	Stream Data Centers	280.0
2425	Edged Atlanta Campus	US		GA	Atlanta	Fulton	Edged Energy / Edged Data Centers	169.0
2455	Aligned ORD-03 Elk Grove Village	US		IL	Elk Grove Village	Cook	Aligned Data Centers	
2485	SLG/Digital Crossroads Hammond Campus	US		IN	Hammond	Lake	Digital Crossroads	260.0
2515	Vantage Pittsboro Data Center Campus	US		IN	Pittsboro	Hendricks	Vantage Data Centers	600.0
2545	CyrusOne DUR1 Raleigh-Durham	US		NC	Durham	Durham	CyrusOne	50.0
2575	EdgeConneX New Albany / Johnstown South Campus	US		OH	New Albany / Johnstown	Licking	EdgeConneX	224.0
2605	Galaxy Helios AI & HPC Campus	US		TX	Afton area	Dickens	Galaxy Digital	200.0
2635	Aligned Salt Lake SLC 01	US		UT	West Jordan	Salt Lake	Aligned	34.0
2665	AWS Wallula Gap Phase 1	US		WA	Burbank / Wallula	Walla Walla	Amazon Data Services / Amazon Web Services	300.0
2695	TierPoint Spokane SPO01/SPO02	US		WA	Spokane	Spokane	TierPoint	5.751
2725	Project Marvel Bessemer data center campus	US		Alabama	Bessemer	Jefferson	Logistic Land Investment LLC / TPA Group	1200.0
2755	Jujuy Provincial Government Data Center	AR	Jujuy				Government of Jujuy / Ministry of Finance	
2785	Cloud Carib Barbados CaribPod / cloud data-centre facility	BB	Saint Michael				Cloud Carib	
2815	Elea BSB1 Brasilia	BR	Distrito Federal				Elea Data Centers	4.0
2845	Ascenty Rio de Janeiro Data Centers	BR	Rio de Janeiro				Ascenty (Digital Realty/Brookfield)	13.0
2875	ODATA DC SP04 Osasco	BR	Sao Paulo				ODATA / Aligned Data Centers	48.0
2905	Belize Network Information Centre datacenter / hosting infrastructure	BZ	Belize				Belize Network Information Centre	
2935	Microsoft Vaughan Datacentre	CA	Ontario				Microsoft	
2965	Telxius Cable Arica CLS	CL	Arica and Parinacota				Telxius Cable	
2995	Codelco El Teniente / Patio Rancagua main data center	CL	O'Higgins				Codelco	
3025	ODATA / Aligned DC BG03	CO	Cundinamarca				ODATA (Aligned Data Centers)	120.0
3055	Navégalo San José / Costa Rica Data Center	CR	San Jose				Navégalo	5.0
3085	Unidentified La Caleta / La Romana data center facility signal	DO	La Romana				unknown	
3115	EdgeUno Quito / UIO data center	EC	Pichincha				EdgeUno	
3145	Tigo DC Fraijanes / Fraijanes II	GT	Guatemala				Tigo Business / Tigo Guatemala / Millicom	
3175	Digicel Caymanas Data Centre	JM	Saint Catherine				Digicel Business / Digicel Jamaica	
3205	HostDime Andromeda Tier IV Data Center	MX	Jalisco				HostDime	6.0
3235	Google Cloud Querétaro cloud region / data center investment	MX	Queretaro				Google	
3265	Tigo IDC Clayton	PA	Panama				Tigo Panama / Cable Onda	
3295	Universidad Nacional del Altiplano Puno data center	PE	Puno				Universidad Nacional del Altiplano Puno / Huawei	
3325	HIVE Yguazu data center campus	PY	Alto Parana				HIVE Digital Technologies Ltd	200.0
3355	Unidad de Transacciones Sitio Alterno de Respaldo / Centro de Datos Tier II	SV	Santa Ana				Unidad de Transacciones S.A. de C.V.	
3385	Adclic Hosting - Datacenter VE	VE	Anzoategui				Adcic Hosting / Adclic Hosting	
8545	Khazna DXB8 Jebel Ali data center	AE	Dubai - Sector 5				Khazna Data Centers	12.5
8575	Second Afghanistan National Data Center in Nangarhar	AF	Nangarhar				Ministry of Communications and Information Technology / Government of Afghanistan	
8605	conova Hallein data center 6/7	AT	Salzburg				conova communications GmbH	3.0
8635	NEXTDC S4 Data Centre Phase 2, Horsley Park	AU	New South Wales - Fairfield				NEXTDC Limited	134.4
8665	NEXTDC S5 Data Centre and Innovation Hub	AU	New South Wales - Ryde				NEXTDC Limited	
8695	Equinix BR1 Brisbane	AU	Queensland - Brisbane				Equinix	
8725	NEXTDC A1 Adelaide	AU	South Australia - Adelaide				NEXTDC	5.0
8755	Vocus Data Centre - Hobart	AU	Tasmania - Hobart				Vocus Communications	
8785	Zerra DC Campbellfield / former Ford factory campus	AU	Victoria - Hume				Zerra DC	
8815	Hickory Data Centres Truganina hyperscale facility	AU	Victoria - Wyndham				Hickory Data Centres	72.0
8845	Equinix PE1 Perth International Business Exchange	AU	Western Australia - Perth				Equinix	
8875	AzInTelecom Hajigabul Reserve Data Center, Modules M1 and M2	AZ	Hajigabul				AzInTelecom LLC	
8905	LCL Brussels-West Aalst	BE	Flanders				LCL Data Centers	
8935	Neterra Pleven	BG	Pleven				Neterra	
8965	AWS Middle East (Bahrain) Region - Hamala availability-zone site	BH	Northern Governorate				Amazon Web Services	
8995	Mascom Innovation Centre DC1	BW	Gaborone				Mascom Wireless	
9025	GreenLine Technologies / SOCATEL Tier III Data Center	CF	Bangui				GreenLine Technologies Inc. / SOCATEL / Government of Central African Republic	
9055	CKW Datacenter LuZ Luzern Nord	CH	Luzern				CKW Fiber Services AG	
9085	DATAWIRE Datacenters ZG01 and ZG02, Cham/Zug	CH	Zug				DATAWIRE AG	
9115	CAMTEL Douala / Bepanda Data Center	CM	Littoral				Cameroon Telecommunications (CAMTEL)	
9145	Huaihai Intelligent Computing Center	CN	Anhui - Suzhou Shi				Huaihai Intelligent Computing Center / Suzhou compute-industry partners	
9175	China Mobile (Fujian Xiamen) provincial cloud resource pool	CN	Fujian - Xiamen Shi				China Mobile Cloud / China Mobile Fujian	
9205	Guangzhou Lianggong Lixing Data Center Project	CN	Guangdong - Guangzhou Shi				Lianggong/Lixing project sponsor not identified in public key-project list	
9235	深圳前海信息枢纽大厦 / 前海数据中心	CN	Guangdong - Shenzhen				深圳市前海开发投资控股有限公司 / 前海管理局	
9265	Hezhou Pinggui Big Data Cloud Computing Ecological Technology Industrial Park phase I data center	CN	Guangxi - Hezhou Shi				Hezhou Pinggui District project company	
9295	Zunyi City big-data center / municipal datacenter	CN	Guizhou - Zunyi Shi				Zunyi municipal government / Zunyi Big Data Development Bureau	
9325	China Telecom Beijing-Tianjin-Hebei Big Data Base	CN	Hebei - Langfang Shi				China Telecom Group	
9355	State Grid Honggang Qiqihar Industrial Internet Core Data Center	CN	Heilongjiang - Qiqihar Shi				Shanghai Honggang Data Information Co., Ltd.; State Grid Integrated Energy Service Group	
9385	Yudongnan Intelligent Computing Center in Xiangcheng	CN	Henan - Zhoukou Shi				Xiangcheng Municipal People's Government; Lotus Holdings; China Mobile Henan Zhoukou Branch	
9415	Yangtze 3D Scientific Computing Center / Xiaogan Computing Power Industrial Park	CN	Hubei - Xiaogan				Xiaogan Gaocuang Investment Co., Ltd. / Lianguang Yuanhe (Xiaogan) Optical Technology Co., Ltd.	
9445	Zhangjiajie Metaverse Pilot Base Data Center / Server Room	CN	Hunan - Zhangjiajie Shi				Zhangjiajie National Forest Park related project sponsors	
9475	UCloud Wulanchabu Cloud Computing Center	CN	Inner Mongolia - Wulanchabu Shi				UCloud	200.0
9505	Zhihuifengcheng Data Center Phase I	CN	Jiangsu - Taizhou Shi				Guangdong Yunxia Huijin Technology / Idcloudbase	12.0
9535	Huawei Jiangxi Cloud Data Center / Huawei Shangrao Cloud Computing Center	CN	Jiangxi - Shangrao Shi				Shangrao Big Data Industry Investment Development Co., Ltd. / Huawei Cloud	
9565	China Mobile (Dalian) Data Center I and II Parks	CN	Liaoning - Dalian Shi				China Mobile Liaoning / Dalian Mobile	
9595	Jinko Power Zhongwei 1 GW green AI data center	CN	Ningxia - Zhongwei Shi				Jinko Power Technology Co. Ltd.	1000.0
9625	Dongying Provincial New Data Center Portfolio	CN	Shandong - Dongying Shi				China Mobile, China Unicom, China Telecom, Wanda Group, Dongkai Digital Technology, Lijin Future Digital Technology, Shandong Heneng Technology, Shandong Haishen Electronics, Guangrao Big Data Service Center and others	
9655	GDS Shanghai Data Center SH5	CN	Shanghai - Shanghai Municipality				GDS Holdings	
9685	环天云智算中心 (Huantian Cloud Intelligent Computing Center)	CN	Sichuan - Meishan Shi				Huantian Smart Technology Co., Ltd.	
9715	China Green Computing Power Changji Intelligent Computing Center	CN	Xinjiang - Changji Huizu Zizhizhou				China Telecom Xinjiang / Changji Prefecture partners	
9745	China Telecom Two-Asia International Data Center / Two-Asia AI Computing Center	CN	Yunnan - Kunming Shi				China Telecom Yunnan	
9775	Zhedongnan Intelligent Computing Center Phase II	CN	Zhejiang - Taizhou Shi				China Telecom Taizhou	
9805	WEDOS DC1 Bunker	CZ	South Bohemia				WEDOS Internet	
9835	CRA DC Ostrava	CZ	Moravia-Silesia				Ceske Radiokomunikace a.s.	
9865	euNetworks Mannheim	DE	Baden-Württemberg - Mannheim				euNetworks Group Germany	3.0
9895	weber.cloud Data Center Balingen 2 (BL2)	DE	Baden-Württemberg - Zollernalbkreis				weber.digital GmbH / weber.cloud	
9925	Catholic University of Eichstätt-Ingolstadt KU Rechenzentrum	DE	Bavaria - Eichstätt				Katholische Universität Eichstätt-Ingolstadt	
9955	Munich Industrial AI Cloud / AI Factory at Tucherpark	DE	Bavaria - Munich ( München )				Deutsche Telekom / T-Systems with NVIDIA and Polarise	15.0
9985	Smartes Fichtelgebirge school data-center cluster	DE	Bavaria - Wunsiedel				Landkreis Wunsiedel / Smartes Fichtelgebirge	
10015	NEOIX Wünsdorf AI data center	DE	Brandenburg - Teltow-Fläming				NEOIX.AI	30.0
10045	Vantage Groß-Gerau FRA5 / Lausboehl campus proposal	DE	Hesse - Groß-Gerau				Vantage Data Centers	174.0
10075	Lunecon Rechenzentrum Westerstede	DE	Lower Saxony - Ammerland				Lunecon Systemhaus GmbH	
10105	Stadt Bramsche Neubau Rechenzentrum	DE	Lower Saxony - Osnabrück (Rural)				Stadt Bramsche	
10135	Stadtwerke Bielefeld / BITel data center	DE	North Rhine-Westphalia - Bielefeld				Stadtwerke Bielefeld Gruppe / BITel	
10165	Skaylink Essen data center	DE	North Rhine-Westphalia - Essen				Skaylink GmbH	
10195	VegaSystems Paderborn data center	DE	North Rhine-Westphalia - Paderborn				VegaSystems GmbH & Co. KG	
10225	TWL-KOM Datacenter I and Datacenter II Ludwigshafen	DE	Rhineland-Palatinate - Ludwigshafen				TWL-KOM GmbH	
10255	EXA Marie Curie Dresden	DE	Saxony - Dresden				EXA Infrastructure	
10285	ADDIX DC2 / Hörn Campus Kiel	DE	Schleswig-Holstein - Kiel				ADDIX Internet Services GmbH	3.0
10315	Datenverarbeitungszentrum Suhl GmbH service data center	DE	Thuringia - Suhl				Datenverarbeitungszentrum Suhl GmbH	
10345	GARBE Data Centers Business Park Falster AI campus	DK	Zealand				GARBE Data Centers	350.0
10375	Burfa Tech / Enefit Technology Park Narva HPC center	EE	Ida-Viru				Burfa Tech OÜ / Enefit Technology Park	4.0
10405	Igoudar Numerique / Igoudar Dakhla green datacenter campus	EH	Western Sahara				Moroccan Ministry of Digital Transition and Administrative Reform; Ministry of Energy Transition and Sustainable Development; Dakhla-Oued Eddahab regional authorities; Mohammed VI Investment Fund; Caisse de depot et de gestion (CDG)	500.0
10435	Merlin Properties / Edged Extremadura AI campuses	ES	Extremadura				Merlin Properties / Edged Energy / Government of Extremadura	
10465	Raxio ET1 Data Centre	ET	Addis Ababa				Raxio Data Centre PLC	3.0
10495	Compute Nordic Visulahti Data Center Campus	FI	South Savo				Compute Nordic Finland Oy	200.0
10525	Polarnode Heinola Vierumäki data center	FI	Paijat-Hame				Polarnode	40.0
10555	nLighten Antibes / Sophia Antipolis I NCE1	FR	Alpes-Maritimes				nLighten	6.0
10585	Département de la Côte-d'Or sovereign data center	FR	Côte-d'Or				Département de la Côte-d'Or	
10615	Vantage / Altarea AI and cloud data center campus near Bordeaux	FR	Gironde				Vantage Data Centers / Altarea	400.0
10645	TDF ProxiCenter Rennes-Cesson	FR	Ille-et-Vilaine				TDF	0.6
10675	Dataouest Saint-Lô/Agneaux datacenters	FR	Manche				Dataouest	
10705	o2switch Clermont-Ferrand data centers	FR	Puy-de-Dôme				o2switch	
10735	Equinix PA4 Pantin	FR	Seine-Saint-Denis				Equinix	
10765	Thésée DataCenter 1 Aubergenville	FR	Yvelines				Thésée Datacenter	3.0
10795	Co-op Rochdale data centre upgrades	GB	England - Borough of Rochdale				The Co-operative Group / Sudlows	
10825	aql Leeds DC1/DC2/DC3 Salem Chapel	GB	England - City and Borough of Leeds				aql	
10855	Shield House Gloucester data centre refurbishment	GB	England - Gloucestershire				Shield House / local data centre operator	1.5
10885	Amazon AWS Houghton Regis / Linmere Island campus	GB	England - Luton				Amazon Data Services UK Ltd / Collier Properties LLC	
10915	Rufford Colliery Data Center	GB	England - Nottinghamshire				Harworth Group	
10945	University of Bristol National AI Data Facility	GB	England - South Gloucestershire				University of Bristol	
10975	IONOS Worcester Six data centre	GB	England - Worcestershire				IONOS / Fasthosts; developed by Stoford	
11005	MeyGen ocean-powered data centre scheme	GB	Scotland - Highland				SIMEC Atlantis Energy / MeyGen	
11035	Vantage Cardiff / CWL1 campus	GB	Wales - Newport				Vantage Data Centers	148.0
11065	PAIX Accra / RackAfrica ACC-1	GH	Greater Accra				PAIX Data Centres	1.2
11095	GRNET Green Datacenter Louros	GR	Epirus				GRNET	
11125	Equinix HK6, Tsuen Wan	HK	Hong Kong				Equinix	
11155	Akton Zagreb Data Center	HR	Zagreb City				Akton	
11185	Kelet-Magyarorszagi Adatkozpont (KMAK) Szolnok hosting/data center	HU	Szolnok				Kelet-Magyarorszagi Adatkozpont Kft.	
11215	neuCentrIX Manado	ID	North Sulawesi				Telkom Indonesia / neuCentrIX	
11245	Digital Edge CGK Campus, GIIC Bekasi	ID	West Java				Digital Edge	500.0
11275	MedOne Tirat HaCarmel Campus	IL	Hefa				MedOne	
11305	CtrlS Rambilli hyperscale data center	IN	Andhra Pradesh - Anakapalli				CtrlS Datacenters Ltd	100.0
11335	Punjab Engineering College Computer Centre Data Centre	IN	Chandigarh - Chandigarh				Punjab Engineering College, Chandigarh	
11365	Gujarat State Data Centre (GSDC)	IN	Gujarat - Gandhinagar				Government of Gujarat	
11395	Sunshine Global Capital 10 MW AI Data Centre, Saraikela-Kharsawan cluster	IN	Jharkhand - Saraikela				Sunshine Global Capital, Singapore	10.0
11425	Kerala State Data Centre-1 (SDC-1), Co-Bank Towers	IN	Kerala - Thiruvananthapuram				Kerala State IT Mission	
11455	Yotta NM2 (Panvel)	IN	Maharashtra - Raigarh				Yotta Infrastructure (Hiranandani Group)	65.0
11485	Lodha Green Integrated Data Centre Park, Palava	IN	Maharashtra - Thane				Lodha Developers (Macrotech)	2000.0
11515	VueNow Edge Data Center, Bhawanigarh	IN	Punjab - Sangrur				VueNow Group	
11545	Thiagarajar College of Engineering Data Center	IN	Tamil Nadu - Madurai				Thiagarajar College of Engineering	
11575	CtrlS Hyderabad DC3 (Gachibowli)	IN	Telangana - Rangareddi				CtrlS Datacenters Ltd	13.0
11605	CtrlS Noida DC1	IN	Uttar Pradesh - Gautam Buddha Nagar				CtrlS Datacenters	8.0
11635	CtrlS Kolkata DC-1 Campus	IN	West Bengal - North 24 Parganas				CtrlS Datacenters	60.0
11665	MCI Shahid Qazi Tabatabai / Tabriz regional data center	IR	East Azerbaijan				Mobile Telecommunication Company of Iran (Hamrah-e Aval / MCI)	
11695	Pishgaman Tosee Ertebatat Yazd Data Center	IR	Yazd				Pishgaman Tosee Ertebatat	
11725	Regione Piemonte / Edison data center at former Trino power plant	IT	Piedmont				Regione Piemonte; Edison	
11755	APPlico data center / cloud services, Perugia	IT	Umbria				APPlico Digital Lab	
11785	Data Center Gallura Olbia	IT	Sardinia				Siportal S.r.l.	
11815	Colt Tokyo Inzai 4 Data Centre	JP	Chiba				Colt Data Centre Services	20.0
11845	ICS Data Center	JP	Iwate				ICS Co., Ltd.	
11875	NTT East Nagano Data Center	JP	Nagano				NTT East	
11905	NTT DATA Tochigi 1 Data Center Campus	JP	Tochigi				NTT DATA Global Data Centers	100.0
11935	Africa Data Centres Nairobi second facility	KE	Nairobi City				Africa Data Centres / Cassava Technologies	20.0
11965	Seatel Cloud Data Center	KH	Phnom Penh				Seatel (Cambodian satellite/mobile telecom operator)	2.0
11995	Geumgang Jiksan AI data center (Cheonan)	KR	Chungcheongnam-do - Cheonan-si				Geumgang (금강, Chairman Kim Yong-seong); operator Fine&Partners Asset Management (파인앤파트너스자산운용)	80.0
12025	Wonju Enterprise City AI Data Center Site	KR	Gangwon-do - Wonju-si				WonjuIDC / KT participation under letter of intent	
12055	BARO Space Pyeongtaek Hybrid AI Computing Center	KR	Gyeonggi-do - Pyeongtaek				BARO AI	
12085	Goseong-gun data center attraction plan	KR	Gyeongsangnam-do - Goseong-gun				Goseong-gun (site-attraction plan; developer not identified)	
12115	LG Uplus Jeonju IDC	KR	Jeollabuk-do - Jeonju-si				LG Uplus	
12145	Digital Edge Seoul SEL1	KR	Seoul - Gangnam-gu				Digital Edge DC	2.4
12175	Zenlayer SEL6 / SK Broadband Seocho	KR	Seoul - Seocho-gu				Zenlayer / SK Broadband	
12205	Kazteleport Yereymentau Data Center	KZ	Akmola				Kazteleport JSC	2.0
12235	Freedom Cloud Alatau Technopark data center	KZ	Almaty City				Freedom Holding Corp. / Freedom Telecom	7.2
12265	Dialog Tier III Data Center and Media Hub, Malabe	LK	Western Province				Dialog Axiata PLC	
12295	LuxConnect Bettembourg Campus DC1.1/DC1.2/DC1.3	LU	Esch-sur-Alzette				LuxConnect S.A.	18.0
12325	Tet Data Center Atlasa	LV	Riga				Tet	
12355	N+ONE DATACENTER II, Phase 1 / Settat campus	MA	Casablanca-Settat				N+ONE Datacenters	
12385	Montenegro state Tier III data center by 4iG	ME	Podgorica				4iG International Digital Infrastructure for Government of Montenegro	
12415	MPT Yangon Data Centers - Hantharwady and Bayintnaung	MM	Yangon				Myanma Posts and Telecommunications (MPT)	
12445	IT&E Guam & CNMI Saipan Data Center	MP	Northern Mariana Islands				IT&E Guam & CNMI	
12475	Cloudflare Port Louis Data Center	MU	Port Louis				Cloudflare	
12505	Princeton Digital Group JH1 Sedenak Tech Park	MY	Johor				Princeton Digital Group	200.0
12535	Sabah Net Data Centre	MY	Sabah				Sabah Net Sdn Bhd	
12565	MTN Windhoek	NA	Khomas				MTN	
12595	Ekiti State Government Data Centre	NG	Ekiti				Ekiti State Bureau of ICT	
12625	MTN Ojota Data Centre	NG	Lagos				MTN Nigeria	
12655	Penta Infra LEE02	NL	Friesland				Penta Infra	0.4
12685	Cellnex Goes edge datacenter	NL	Zeeland				Cellnex Netherlands	1.05
12715	Green Mountain RJU1-Rjukan (DC2-Telemark)	NO	Vestfold and Telemark				Green Mountain (Azrieli Group)	7.5
12745	Vocus Albany Data Centre	NZ	Auckland				Vocus	
12775	Oman Digital Triangle - Barka digital hub / AI super-cluster	OM	South Batina				Sultanate of Oman MTCIT / International Data Center Authority	
12805	Converge Angeles Data Center	PH	Central Luzon				Converge ICT Solutions Inc.	12.0
12835	Sky47 Karachi Data Center	PK	Sindh				Sky47 Ltd (parent: Mari Energies)	
12865	Netia Data Center SOUL Krakow	PL	Lesser Poland				Netia	
12895	Beyond.pl Data Center 1, Poznan	PL	Greater Poland				Beyond.pl	
12925	IP Telecom Porto Data Center	PT	Porto				IP Telecom	
12955	Q Data QFZ hyperscale data centre facilities	QA	Wakra				Q Data / Syntys / Ooredoo	12.5
12985	efect.RO DC1	RO	Cluj				efect.RO	
13015	ITPS Datacenter	RO	Timis				ITPS srl	
13045	CentrInvest data center, TOSER Blagoveshchensk	RU	Bashkortostan				CentrInvest LLC	
13075	DataHarbour Kursk	RU	Kursk				DataHarbour / DataPort	
13105	MegaFon Orenburg Data Center	RU	Orenburg				MegaFon	
13135	MTS planned Tula data center	RU	Tula				MTS / MWS	
13165	Khazna Dammam Campus / DMM1	SA	Eastern Province - Ad Dammam				Khazna Data Centers	200.0
13195	ICS Arabia Desert Dragon Data Center Phase 1 (Al Kharj)	SA	Riyadh Region - Al Kharj				ICS Arabia (Desert Dragon, with China Mobile International and Lumaotong Group)	65.0
13225	SudREN Darfur Sector Data Centers Project	SD	Central Darfur (local variant: Zalingei)				Sudanese Research and Education Network (SudREN)	
13255	Junet Birka data center	SE	Jonkoping				Junet	
13285	Keppel DC Singapore 1	SG	North East				Keppel Data Centres	
13315	Introserv Dobrepolje/Cesta DCH network listing	SI	Dobrepolje				Introserv d.o.o.	
13345	MegaTel / MEGA M data center	SI	Velenje				MEGA M d.o.o.	
13375	Zoodlabs Data Centre / Cable Landing Station Power Project, Freetown	SL	Western Area				Zoodlabs; CrossBoundary Energy	
13405	Trinity Technologies Juba Data Center	SS	Central Equatoria				Trinity Technologies Limited	
13435	True IDC Midtown Pattanakarn	TH	Bangkok				True Internet Data Center (True IDC) / CP Group	
13465	GSA02 (Gulf-Singtel-AIS) Chonburi Data Center	TH	Chon Buri				GSA Data Center (GULF 40% / Singtel 35% / AIS 25%)	35.0
13495	NT Chiang Mai Data Center	TH	Chiang Mai				National Telecom Public Company Limited (NT)	
13525	Syntys Manouba Data Center	TN	La Manouba				Syntys	
13555	Eskisehir Metropolitan Municipality ESKI server/data-center room	TR	Eskisehir				Eskisehir Metropolitan Municipality ESKI	
13585	MUSKI new data center	TR	Mugla				MUSKI (Mugla Water and Sewerage Administration / Mugla Metropolitan Municipality)	
13615	CHT Tainan Zhongshan IDC	TW	Tainan				Chunghwa Telecom	
13645	De Novo Data Center	UA	Kyiv City				De Novo	
13675	Raxio Uganda Data Centre (UG1)	UG	Central				Raxio Group (Raxio Data Centre Ltd)	1.5
13705	Ninh Binh provincial data center	VN	Ninh Binh				Ninh Binh provincial authorities / Department of Science and Technology with provincial IT & Communication Center	
13735	Tien Giang provincial integrated data center	VN	Tien Giang				Tien Giang provincial authorities / Department of Information and Communications	
13765	Viettel IDC Da Nang Data Center	VN	Da Nang				Viettel IDC	
13795	True IDC Tan Thuan	VN	Ho Chi Minh				True IDC (True Corporation)	
13825	Cavaleros Group proposed 200MW data centre near Pretoria	ZA	Gauteng - City of Tshwane Metropolitan Municipality				Cavaleros Group	200.0
13855	MTN Lusaka Data Centre	ZM	Lusaka				MTN Zambia	
20335	ANDC critical non-IT equipment upgrade	AF	Kabul				Ministry of Communications and IT (MCIT), funded via Digital CASA / World Bank (IDA-D2820)	
20365	Paratus Angola DC1 (ITA, Patriota)	AO	Luanda				Paratus Angola (Internet Technologies Angola S.A.)	
20395	Digital Burgenland / EBRZ (Eisenstadt)	AT	Burgenland				Digital Burgenland GmbH (formerly Erstes Burgenlaendisches Rechenzentrum)	
20425	5G Networks North Sydney Data Centre (St Leonards)	AU	New South Wales - North Sydney				5G Networks / DCI Data Centers	
20455	NEXTDC B1 Brisbane	AU	Queensland - Brisbane				NEXTDC	
20485	AirTrunk MEL1	AU	Victoria - Brimbank				AirTrunk	130.0
20515	DCW (DC West) Pier Street data centre	AU	Western Australia - Perth				DC West Pty Ltd	
20545	Yotta Dhaka Data Center Park	BD	Dhaka				Yotta Infrastructure / Shamsul Alamin Group	28.8
20575	Orange Belgium Hoboken data center	BE	Flanders				Orange Belgium	3.0
20605	Beyon White Space Data Centre / Data Oasis	BH	Southern Governorate				Batelco by Beyon / Beyon Group	
20635	btIX Bhutan Internet Exchange	BT	Thimphu				Bhutan Internet Exchange Association	
20665	Central Africa Fibre-Optic Backbone (CAB) CAR Component - National Data Centre / Digital Training Centre (University of Bangui)	CF	Bangui				Government of Central African Republic / African Development Bank / European Union	
20695	Etat du Valais data center (Sierre)	CH	Valais				Etat du Valais (canton)	
20725	Camtel NBN II / Zamengoé Data Center	CM	Centre				Cameroon Telecommunications (CAMTEL) / Huawei-led Chinese consortium (China Shenyang International Cooperation)	
20755	Guangzhou Nansha International Data Free-Trade Port	CN	Guangdong - Guangzhou Shi				Nansha district / Guangzhou municipal data-industry program	
20785	China Mobile (Guangdong Zhanjiang) Data Center Phase II	CN	Guangdong - Zhanjiang Shi				China Mobile Guangdong	
20815	Yixin Technology (Yeqi) No.2 Data Center	CN	Hunan - Prefecture of Chenzhou				Yixin Technology / Yeqi	
20845	Derong Hydropower Consumption Industrial Park Internet Big Data Center	CN	Sichuan - Garze Zangzu Zizhizhou				Ganzi Jingbo Network Technology Co., Ltd.	
20875	新疆克融云算数字科技智算中心 (Kelong Cloud Compute Smart Computing Center)	CN	Xinjiang - Kelamayi Shi				Aorede (奥瑞德) + Karamay Cloud Investment JV	
20905	Commercial colocation / hyperscaler cloud region (verified negative)	CV	Ilhas de Sotavento					
20935	Seznam.cz Nagoya Data Center	CZ	Central Bohemia				Seznam.cz a.s.	3.0
20965	LEW Green Data Center (Augsburg-Oberhausen, Krumbacher Straße)	DE	Bavaria - Augsburg (Urban)				LEW TelNet GmbH	
20995	Rockenstein Wuerzburg / Veitshoechheim data centers	DE	Bavaria - Würzburg (Rural)				rockenstein AG	
21025	NTT Frankfurt 4 Hattersheim campus	DE	Hesse - Main-Taunus-Kreis				NTT Global Data Centers	80.0
21055	GELSEN-NET Gerhardstrasse Data Center	DE	North Rhine-Westphalia - Gelsenkirchen				GELSEN-NET Kommunikationsgesellschaft mbH	
21085	Wimex Data-Center Flugplatz Köthen (B-Plan Nr. 81)	DE	Saxony-Anhalt - Anhalt-Bitterfeld				Wimex Group (agricultural company)	
21115	atNorth DEN02 Varde (Ølgod) Mega Site	DK	Southern Denmark				atNorth	500.0
21145	Khazna-Benya Hyperscale Data Center (Maadi Technology Park)	EG	Cairo				Khazna Data Centers / Benya Group	25.0
21175	Nabiax Alcala de Henares Data Center Campus	ES	Community of Madrid				Nabiax (Telefonica-linked)	22.0
21205	Mustanlahden datakeskus (Maenttae-Vilppula)	FI	Pirkanmaa				Mustanlahden datakeskus project / Finsilva	
21235	Datec Fiji datacentre site services / digital infrastructure	FJ	Central				Datec Fiji Pte Ltd	
21265	Edged Energy data center Saint-Louis (Marseille 15e)	FR	Bouches-du-Rhône				Edged Energy	20.0
21295	Buzançais data center project	FR	Indre				Not disclosed	
21325	Velizy-Villacoublay mixed program + data center project	FR	Yvelines					
21355	Vantage London I and London II campuses (incl. Park Royal LHR2)	GB	England - Greater London				Vantage Data Centers	75.0
21385	Tritax/EDF Cottam data centre & SMR scheme	GB	England - Nottinghamshire				Tritax Big Box / EDF (with Holtec)	
21415	ABMWLC & Aurora data centre heat-recovery (pre-planning)	GB	Northern Ireland - Ards and North Down				Ards and North Down Borough Council	
21445	Shotwick Road 2 data centre candidate site (Deeside)	GB	Wales - County of Flintshire				Candidate-site promoter (unnamed)	
21475	Bank of Ghana Kumasi Data Centre & Disaster Recovery Site (Ahinsan)	GH	Ashanti				Bank of Ghana	
21505	Digital Realty ATH4 (Koropi)	GR	Attica				Digital Realty / Lamda Hellix	6.8
21535	SUNeVision MEGA-i, Chai Wan	HK	Hong Kong				SUNeVision Holdings / iAdvantage	
21565	China Telecom Global / Daily Tech TKO data centre (Global Switch partnership)	HK	Hong Kong				China Telecom / Daily Tech / Global Switch	
21595	Komondor Supercomputer Center (University of Debrecen)	HU	Hajdu-Bihar				KIFU / University of Debrecen	0.5
21625	Bitera Data Center Jakarta	ID	Jakarta				Bitera Data Center (PT Bitera Data Center)	20.0
21655	Echelon DUB20 Arklow	IE	Leinster				Echelon Data Centres	100.0
21685	Manx Telecom Greenhill Datacentre	IM	Isle of Man				Manx Telecom	
21715	Chhattisgarh State Data Centre (CSDC, operated by CHiPS)	IN	Chhattisgarh - Raipur				Chhattisgarh Infotech and Biotech Promotion Society (CHiPS) / Government of Chhattisgarh	
21745	Jammu and Kashmir State Data Centre (SDC), Civil Secretariat Jammu	IN	Jammu and Kashmir - Jammu				Jammu and Kashmir Information Technology Department / JaKeGA / C-DAC	
21775	Kerala 2nd State Data Centre (Thejaswini building, Technopark)	IN	Kerala - Thiruvananthapuram				Kerala State IT Mission	
21805	Net4 Pune / Silvernox Pune / NICSI Pune	IN	Maharashtra - Pune Division				Net4 / Silvernox Datacenter / NICSI	
21835	NIC Sikkim State Data Centre (Gangtok)	IN	Sikkim - Gangtok				National Informatics Centre (NIC) / Government of Sikkim	
21865	Sify Technologies Hyderabad campus (FAB City, Maheshwaram)	IN	Telangana - Rangareddi				Sify Technologies	250.0
21895	NIC Kolkata Data Centre (Nizam Palace)	IN	West Bengal - Kolkata				National Informatics Centre (NIC), Government of India	
21925	Iran Cloud provincial datacenter overhaul - Shiraz	IR	Fars				ITO / Iran Cloud program consortia	
21955	South Khorasan (Birjand) datacenter lead	IR	South Khorasan				Ministry of ICT / provincial ICT directorate	
21985	Noviglio datacenters Mxp I - Santa Corinna data center (Noviglio/Lacchiarella)	IT	Lombardy				Noviglio datacenters Mxp I S.r.l. (CloudHQ lineage per methodology)	
22015	Nexim colocation Cagliari	IT	Sardinia				Nexim Italia	
22045	Global Broadband Ginoza Village IT Operation Park	JP	Okinawa				Global Broadband KK (Wingtec Japan)	
22075	Africa Data Centres Nairobi NBO1 (Sameer / East Africa Data Centre)	KE	Nairobi City				Africa Data Centres / Cassava Technologies	7.5
22105	MekongNet IDC1 (SunCity Building)	KH	Phnom Penh				MekongNet / Angkor Data Communication Group Co., Ltd	
22135	KR Logis Daejeon No.3 PFV Pyeongchon-dong Data Center	KR	Daejeon - Daedeok-gu				KR Logis Daejeon No.3 PFV (케이알로지스대전제3호피에프브이) with Gangjin Industrial Development / K-REITs Investment Management	
22165	NH Integrated IT Center (Nonghyup)	KR	Gyeonggi-do - Uiwang-si				NH NongHyup Bank / Nonghyup IT	
22195	Korea Health and Medical Data Center	KR	Jeollanam-do - Damyang-gun				Jin International Co., Ltd. (with Damyang County)	
22225	ix.kw Internet Exchange (TEC Building)	KW	Capital				CITRA / Kuwait ISP community	
22255	MTC National Data Center + Silicon Tech Park green-AI infrastructure / AI SEZ MoU	LA	Vientiane Capital				MTC National Data Center + Silicon Tech Park (Lao) Sole Co., Ltd.	
22285	Dialog Mount Lavinia Cable Landing Station (BBG / Maldives-Sri Lanka)	LK	Western Province				Dialog Axiata PLC	
22315	Bacloud DC (Siauliai)	LT	Siauliai County				UAB Bacloud	
22345	Misrata data centre (directory entry)	LY	Misrata				unknown (TransSahara/Tatweer or MFZ per directory leads)	
22375	Monaco Telecom Centre de donnees n.1 (25 boulevard de Suisse)	MC	Monte-Carlo				Monaco Telecom	
22405	Interspace Skopje data center (Pero Nakov site)	MK	Gazi Baba				Interspace DOOEL	
22435	University of Nouakchott Al Aasriya - Centre de Calcul	MR	West Nouakchott				University of Nouakchott Al Aasriya	
22465	HDC Development of Co-Location Data Centre in Hulhumale (EOI)	MV	Male Atoll				Housing Development Corporation (HDC); investor to be selected via EOI	
22495	Open DC JB1 / JB2 (Johor Bahru)	MY	Johor				Open DC (Extreme Broadband)	
22525	EDM National Control Centre data-centre components (Matalane/CTM)	MZ	Maputo				Electricidade de Mocambique (EDM)	
22555	Digital Realty LOS1 (Medallion, Victoria Island)	NG	Lagos				Digital Realty (Medallion Communications)	
22585	Kolo NL3 (Apeldoorn)	NL	Gelderland				Kolo Data Centers	
22615	NorthC Rotterdam Zestienhoven 1 & 2	NL	South Holland				NorthC Datacenters	7.3
22645	North DC data center (Nordkjosbotn, Balsfjord)	NO	Troms and Finnmark				North DC	
22675	Microsoft New Zealand North cloud region (AKL02 certified)	NZ	Auckland				Microsoft	
22705	Datacom Kapua Data Centre (Hamilton)	NZ	Waikato				Datacom	14.0
22735	Sovereign AI Data Centre (Telikom / Datec / CloudSigma)	PG	National Capital District				Telikom Limited, Datec PNG, CloudSigma	
22765	PLDT La Union Cable Landing Station (Bauang)	PH	Ilocos				PLDT	
22795	Netia Data Center MIND (Jawczyce)	PL	Mazovia				Netia (Cyfrowy Polsat Group)	
22825	Pomorskie Centrum Przetwarzania Danych (PCPD) Gdansk	PL	Pomerania				PCPD (Pomorskie Centrum Przetwarzania Danych)	
22855	NOS Madeira Data Center (Funchal)	PT	Madeira				NOS / EMACOM - Telecomunicacoes da Madeira (EEM-owned)	
22885	Zeop Entreprise data-center / hosting service	RE	Reunion				Zeop / Groupe Océinde	
22915	Pidgin Host Data Center (Bacu)	RO	Giurgiu				Pidgin Host SRL	
22945	Government Data Centre Kragujevac (Drzavni data centar / DDC)	RS	Sumadija				Office for IT and eGovernment (Republic of Serbia)	14.0
22975	PhosAgro / Rostelecom Volkhov data center	RU	Leningrad				PhosAgro / Apatit with Rostelecom	
23005	Regional government modular TsOD (Volgograd, for executive authorities)	RU	Volgograd				Government of Volgograd Oblast (regional IT center)	
23035	Taif University Data Center	SA	Mecca Region - At Ta'if				Taif University	
23065	Our Telekom main Data Centre room / Exchange Building (Honiara)	SB	Capital Territory				Solomon Telekom Co Ltd (Our Telekom)	
23095	RISE Lulea data center testbed (research/edge)	SE	Norrbotten				RISE Research Institutes of Sweden	
23125	Keppel DC Singapore 2/3/4 (KDC SGP2-4)	SG	South East				Keppel Data Centres	
23155	1 Cloud Lab Data Centre	SK	Bratislava				1 Cloud Lab s.r.o.	
23185	Hormuud Telecom data center network (11 sites, ~10 MW portfolio)	SO	Banaadir				Hormuud Telecom Somalia Inc.	10.0
23215	SISPA / Swaziland Peering Point (incl. Mbabane IX MB-IX)	SZ	unknown				Eswatini ISP community (SISPA)	
23245	WACS landing station - Lomé/Afidegnigba	TG	Maritime				Togo Telecom / WACS consortium (15 members)	
23275	Doma Rayong Data Center Park	TH	Rayong				Doma Infrastructure Group (DIG) / Silicon Tech Park (STP)	
23305	ATI Data Centers (Tunisie Internet)	TN	Tunis				ATI - Tunisie Internet	
23335	PlusLayer Izmir Data Center	TR	Izmir				PlusLayer (Naymanli Bilgisayar)	
23365	Kwala SEZ / Kwala Industrial Park (Kibaha, Pwani) - datacenter watch area	TZ	Coast				TISEZA (Investment and Special Economic Zones Authority, Act No. 6 of 2025); zone investors TBD	
23395	NITA-U Third National Data Centre (market study)	UG	Central				NITA-U / MoICT	
23425	Trung tâm tích hợp dữ liệu tỉnh Quảng Ninh (Quang Ninh Province Integrated Data Center, QNICT)	VN	Quang Ninh				Sở Thông tin và Truyền thông tỉnh Quảng Ninh / QNICT (Quang Ninh ICT Center)	
23455	FPT Fornix HN01 and HN02 (Cau Giay)	VN	Ha Noi				FPT Telecom	
23485	National Information Center (NIC) national data systems (yemennic.net)	YE	Sanaa City				National Information Center (Yemen)	
23515	Paratus Zambia Data Centre (Lusaka)	ZM	Lusaka				Paratus Africa / Paratus Zambia	1.0
23545	北京数字经济算力中心（星火·761）	CN	Beijing		朝阳区酒仙桥		朝阳区牵头建设（运营主体名称未在本次检索确认；合作方含经纬恒润等）	25.0
23575	国家超级计算深圳中心（深圳云计算中心）二期项目	CN	Guangdong		深圳		国家超级计算深圳中心	
23605	China Mobile Jing-Jin-Ji (Zhangjiakou) Intelligent Computing Center	CN	Hebei		张家口市·怀来县（怀来花园生态科技城）		China Mobile / 中国移动	
23635	中国电信国际 TKO 数据中心（6 Chun Kwong St）	CN	Hong Kong		新界·将军澳工业邨		中国电信国际（China Telecom Global）	42.0
23665	无锡智能计算中心 (Wuxi Intelligent Computing Center)	CN	Jiangsu				浪潮集团 + 无锡物联网创新促进中心（无锡市政府背景）	
23695	Zhongwei Big Data Computing Industrial Green Electricity Park Phase II (中卫大数据算力产业绿电园区二期项目)	CN	Ningxia		中卫市		China Datang Group New Energy Co. Ltd. (拟确定实施主体)	
23725	山西云峰大数据智能算力产业园（云峰大数据智算中心）	CN	Shanxi		阳泉市（高新区）		山西云山数据科技有限公司	40.0
23755	人工智能基础设施及算法训练与算力开放中心	CN	Xinjiang		克拉玛依市			
23785	浙东南智算中心（二期）	CN	Zhejiang		台州市/黄岩区(梦创园二期)		台州（黄岩区）+中国电信天翼云等	200.0
